"","period","type","distribution","g1,g2","p,q","BIC","pvalue"
"1","yearly","sGARCH","norm","1,1","0,0","-3.93001466285192",2.45139020194074e-09
"2","yearly","sGARCH","std","1,1","0,0","-4.12331428568453",2.45139020194074e-09
"3","yearly","sGARCH","norm","1,1","0,1","-3.92683259530894",1.18683951555454e-11
"4","yearly","sGARCH","std","1,1","0,1","-4.12226479757375",1.11022302462516e-16
"5","yearly","sGARCH","norm","1,1","0,2","-3.92384621917329",1.60733648613132e-11
"6","yearly","sGARCH","std","1,1","0,2","-4.11912770230291",1.11022302462516e-16
"7","yearly","sGARCH","norm","1,1","0,3","-3.92048800413169",1.46060941119686e-12
"8","yearly","sGARCH","norm","1,1","0,4","-3.91775443446761",9.30366894635881e-14
"9","yearly","sGARCH","norm","1,1","1,0","-3.92684053490811",9.58244594784219e-12
"10","yearly","sGARCH","std","1,1","1,0","-4.1223246603212",1.11022302462516e-16
"11","yearly","sGARCH","norm","1,1","1,1","-3.9237625555543",2.05779837614273e-12
"12","yearly","sGARCH","std","1,1","1,1","-4.11917655467401",3.33066907387547e-16
"13","yearly","sGARCH","norm","1,1","1,2","-3.92078700636741",8.09685651859127e-13
"14","yearly","sGARCH","norm","1,1","1,3","-3.91737833114004",8.14903700074865e-14
"15","yearly","sGARCH","norm","1,1","1,4","-3.91444533815864",1.34336985979644e-14
"16","yearly","sGARCH","norm","1,1","2,0","-3.92386127330278",2.10208517259503e-11
"17","yearly","sGARCH","std","1,1","2,0","-4.11913733175548",1.11022302462516e-16
"18","yearly","sGARCH","norm","1,1","2,1","-3.92076836480246",1.11644027356306e-12
"19","yearly","sGARCH","norm","1,1","2,2","-3.92140241711361",9.50672873756275e-12
"20","yearly","sGARCH","norm","1,1","2,3","-3.91806758536711",3.80806497446429e-14
"21","yearly","sGARCH","norm","1,1","2,4","-3.91392595488455",3.08642000845794e-14
"22","yearly","sGARCH","norm","1,1","3,0","-3.92050516024665",2.04347649912506e-12
"23","yearly","sGARCH","norm","1,1","3,1","-3.91734509703549",1.44217970898808e-13
"24","yearly","sGARCH","norm","1,1","3,3","-3.91683893138986",9.76996261670138e-15
"25","yearly","sGARCH","norm","1,1","3,4","-3.91189959044746",4.10782519111308e-15
"26","yearly","sGARCH","norm","1,1","4,0","-3.91763174169045",1.88182802673964e-13
"27","yearly","sGARCH","norm","1,1","4,1","-3.91431819528402",2.69784194983913e-14
"28","yearly","sGARCH","norm","1,1","4,2","-3.9174062647341",2.22044604925031e-16
"29","yearly","sGARCH","norm","1,2","0,0","-3.93186307278025",2.45139020194074e-09
"30","yearly","sGARCH","std","1,2","0,0","-4.12199269232415",2.45139020194074e-09
"31","yearly","sGARCH","norm","1,2","0,1","-3.92879410928611",2.2992718839987e-12
"32","yearly","sGARCH","std","1,2","0,1","-4.12097435509562",1.11022302462516e-16
"33","yearly","sGARCH","norm","1,2","0,2","-3.92601698519447",3.10151904159284e-12
"34","yearly","sGARCH","norm","1,2","0,3","-3.92272483317939",2.1627144519698e-13
"35","yearly","sGARCH","norm","1,2","0,4","-3.91976031517371",2.14273043752655e-14
"36","yearly","sGARCH","norm","1,2","1,0","-3.9288107042964",1.61226587636065e-12
"37","yearly","sGARCH","std","1,2","1,0","-4.12103876693329",1.11022302462516e-16
"38","yearly","sGARCH","norm","1,2","1,1","-3.92576434268118",5.29465360443737e-13
"39","yearly","sGARCH","std","1,2","1,1","-4.11788626219716",2.22044604925031e-16
"40","yearly","sGARCH","norm","1,2","1,2","-3.92294129113776",1.87405646556726e-13
"41","yearly","sGARCH","norm","1,2","1,3","-3.91956093249124",1.75415237890775e-14
"42","yearly","sGARCH","norm","1,2","1,4","-3.91643593054584",3.33066907387547e-15
"43","yearly","sGARCH","norm","1,2","2,0","-3.92601884328309",4.32320845789036e-12
"44","yearly","sGARCH","std","1,2","2,0","-4.11784649657362",1.11022302462516e-16
"45","yearly","sGARCH","norm","1,2","2,1","-3.9229164252891",2.665645482125e-13
"46","yearly","sGARCH","norm","1,2","2,2","-3.92085850367195",1.25455201782643e-14
"47","yearly","sGARCH","norm","1,2","2,3","-3.91925002581109",2.40918396343659e-14
"48","yearly","sGARCH","norm","1,2","2,4","-3.91582899264789",6.10622663543836e-15
"49","yearly","sGARCH","norm","1,2","3,0","-3.92272842741967",3.13304937549219e-13
"50","yearly","sGARCH","norm","1,2","3,1","-3.91952430409238",2.91988655476416e-14
"51","yearly","sGARCH","norm","1,2","3,2","-3.91672293010997",2.22044604925031e-15
"52","yearly","sGARCH","norm","1,2","4,0","-3.91965798009106",3.69704267200177e-14
"53","yearly","sGARCH","norm","1,2","4,1","-3.91633035747157",5.99520433297585e-15
"54","yearly","sGARCH","norm","1,2","4,2","-3.91618991338055",6.66133814775094e-16
"55","yearly","sGARCH","norm","1,3","0,0","-3.92879524701329",2.45139020194074e-09
"56","yearly","sGARCH","std","1,3","0,0","-4.12185800508691",2.45139020194074e-09
"57","yearly","sGARCH","norm","1,3","0,1","-3.92581913816478",7.05213665241899e-13
"58","yearly","sGARCH","norm","1,3","0,2","-3.92308272893594",8.27449220253129e-13
"59","yearly","sGARCH","norm","1,3","0,3","-3.91995112092373",3.43058914609173e-14
"60","yearly","sGARCH","norm","1,3","0,4","-3.91692010686803",4.21884749357559e-15
"61","yearly","sGARCH","norm","1,3","1,0","-3.92584353773573",4.42312853010662e-13
"62","yearly","sGARCH","norm","1,3","1,1","-3.92279874136695",1.80744308408975e-13
"63","yearly","sGARCH","norm","1,3","1,2","-3.92003920471497",4.49640324973188e-14
"64","yearly","sGARCH","norm","1,3","1,3","-3.91677540315091",3.33066907387547e-15
"65","yearly","sGARCH","norm","1,3","1,4","-3.91359133652392",6.66133814775094e-16
"66","yearly","sGARCH","norm","1,3","2,0","-3.92307313333646",1.26820776102932e-12
"67","yearly","sGARCH","norm","1,3","2,1","-3.92000365341573",7.18314296932476e-14
"68","yearly","sGARCH","norm","1,3","2,2","-3.91785313231143",1.23234755733392e-14
"69","yearly","sGARCH","std","1,3","2,2","-4.11093096220576",1.7430501486615e-14
"70","yearly","sGARCH","norm","1,3","2,3","-3.91629670416586",5.99520433297585e-15
"71","yearly","sGARCH","norm","1,3","3,0","-3.9199426733085",5.41788836017076e-14
"72","yearly","sGARCH","norm","1,3","3,1","-3.91672807045474",5.55111512312578e-15
"73","yearly","sGARCH","norm","1,3","3,3","-3.91528951926368",1.75415237890775e-14
"74","yearly","sGARCH","norm","1,3","4,0","-3.91681346789715",7.21644966006352e-15
"75","yearly","sGARCH","norm","1,3","4,1","-3.9134826089102",1.22124532708767e-15
"76","yearly","sGARCH","norm","1,3","4,2","-3.91251447356441",2.55351295663786e-15
"77","yearly","sGARCH","norm","2,1","0,0","-3.92654208886907",2.45139020194074e-09
"78","yearly","sGARCH","std","2,1","0,0","-4.11998898408131",2.45139020194074e-09
"79","yearly","sGARCH","norm","2,1","0,1","-3.92335959213961",1.19536602838366e-11
"80","yearly","sGARCH","std","2,1","0,1","-4.11893836907787",1.11022302462516e-16
"81","yearly","sGARCH","norm","2,1","0,2","-3.9205135008008",1.60687019246097e-11
"82","yearly","sGARCH","std","2,1","0,2","-4.11579497412181",1.11022302462516e-16
"83","yearly","sGARCH","norm","2,1","0,3","-3.9171552827693",1.46371803566581e-12
"84","yearly","sGARCH","norm","2,1","0,4","-3.91442171542319",9.30366894635881e-14
"85","yearly","sGARCH","norm","2,1","1,0","-3.92336751594789",9.65316715451081e-12
"86","yearly","sGARCH","std","2,1","1,0","-4.11899822320683",1.11022302462516e-16
"87","yearly","sGARCH","norm","2,1","1,1","-3.92029071118223",2.05124806029744e-12
"88","yearly","sGARCH","std","2,1","1,1","-4.11585081924085",3.33066907387547e-16
"89","yearly","sGARCH","norm","2,1","1,2","-3.91745428334075",8.10351785673902e-13
"90","yearly","sGARCH","norm","2,1","1,3","-3.91431165913539",2.75002243199651e-13
"91","yearly","sGARCH","norm","2,1","1,4","-3.91111261598027",1.34336985979644e-14
"92","yearly","sGARCH","norm","2,1","2,0","-3.92052855033849",2.10164108338518e-11
"93","yearly","sGARCH","std","2,1","2,0","-4.11580458479696",1.11022302462516e-16
"94","yearly","sGARCH","norm","2,1","2,1","-3.91743564207689",1.12043707645171e-12
"95","yearly","sGARCH","norm","2,1","2,2","-3.91934206680797",3.50987017228022e-11
"96","yearly","sGARCH","std","2,1","2,2","-4.11162801319126",3.2041036490682e-13
"97","yearly","sGARCH","norm","2,1","2,3","-3.91572679878969",1.66533453693773e-14
"98","yearly","sGARCH","norm","2,1","2,4","-3.91059324295069",3.09752223870419e-14
"99","yearly","sGARCH","norm","2,1","3,0","-3.91717241265364",2.04347649912506e-12
"100","yearly","sGARCH","norm","2,1","3,1","-3.9140123726753",1.4344081478157e-13
"101","yearly","sGARCH","norm","2,1","3,3","-3.91050302035035",4.80726569662693e-14
"102","yearly","sGARCH","norm","2,1","4,0","-3.9142990198373",1.88404847278889e-13
"103","yearly","sGARCH","norm","2,1","4,1","-3.91098547431732",2.68673971959288e-14
"104","yearly","sGARCH","norm","2,1","4,2","-3.91407354704732",2.22044604925031e-16
"105","yearly","sGARCH","norm","2,1","4,3","-3.90840874141893",1.19904086659517e-14
"106","yearly","sGARCH","norm","2,2","0,0","-3.92853020723141",2.45139020194074e-09
"107","yearly","sGARCH","std","2,2","0,0","-4.11865993293951",2.45139020194074e-09
"108","yearly","sGARCH","norm","2,2","0,1","-3.92546138483637",2.30060415162825e-12
"109","yearly","sGARCH","std","2,2","0,1","-4.11764160394659",1.11022302462516e-16
"110","yearly","sGARCH","norm","2,2","0,2","-3.92268426356564",3.10140801929037e-12
"111","yearly","sGARCH","norm","2,2","0,3","-3.91939211290253",2.15938378289593e-13
"112","yearly","sGARCH","norm","2,2","0,4","-3.91642759241002",2.14273043752655e-14
"113","yearly","sGARCH","norm","2,2","1,0","-3.92547798392223",1.61637370155177e-12
"114","yearly","sGARCH","std","2,2","1,0","-4.11770598112058",1.11022302462516e-16
"115","yearly","sGARCH","norm","2,2","1,1","-3.92243161817176",5.27133892092024e-13
"116","yearly","sGARCH","std","2,2","1,1","-4.11455354278758",2.22044604925031e-16
"117","yearly","sGARCH","norm","2,2","1,2","-3.91960857240626",1.84630088995164e-13
"118","yearly","sGARCH","norm","2,2","1,3","-3.9162282100462",1.765254609154e-14
"119","yearly","sGARCH","norm","2,2","1,4","-3.91310320905199",3.33066907387547e-15
"120","yearly","sGARCH","norm","2,2","2,0","-3.92268612131331",4.32376356940267e-12
"121","yearly","sGARCH","std","2,2","2,0","-4.1145137180488",1.11022302462516e-16
"122","yearly","sGARCH","norm","2,2","2,1","-3.91958370474946",2.66453525910038e-13
"123","yearly","sGARCH","norm","2,2","2,2","-3.91752578516793",1.24344978758018e-14
"124","yearly","sGARCH","norm","2,2","2,3","-3.9159173065199",2.40918396343659e-14
"125","yearly","sGARCH","norm","2,2","2,4","-3.91249629481262",6.88338275267597e-15
"126","yearly","sGARCH","norm","2,2","3,0","-3.91939570496945",3.13638004456607e-13
"127","yearly","sGARCH","norm","2,2","3,1","-3.9161915837063",2.91988655476416e-14
"128","yearly","sGARCH","norm","2,2","3,2","-3.92123406826272",5.55111512312578e-15
"129","yearly","sGARCH","norm","2,2","3,3","-3.91281949970691",4.44089209850063e-16
"130","yearly","sGARCH","norm","2,2","3,4","-3.90953055481786",1.11022302462516e-16
"131","yearly","sGARCH","norm","2,2","4,0","-3.91632525689385",3.69704267200177e-14
"132","yearly","sGARCH","norm","2,2","4,1","-3.91299746859837",5.99520433297585e-15
"133","yearly","sGARCH","norm","2,2","4,2","-3.91285719366949",6.66133814775094e-16
"134","yearly","sGARCH","norm","2,3","0,0","-3.92558903936592",2.45139020194074e-09
"135","yearly","sGARCH","std","2,3","0,0","-4.11853135073486",2.45139020194074e-09
"136","yearly","sGARCH","norm","2,3","0,1","-3.92264221697107",5.12923037376822e-13
"137","yearly","sGARCH","norm","2,3","0,2","-3.91992515542383",5.8297811023067e-13
"138","yearly","sGARCH","norm","2,3","0,3","-3.9168331510322",1.98729921407903e-14
"139","yearly","sGARCH","norm","2,3","0,4","-3.91377655777405",2.33146835171283e-15
"140","yearly","sGARCH","norm","2,3","1,0","-3.92266913497643",3.11861647617206e-13
"141","yearly","sGARCH","norm","2,3","1,1","-3.91961998541573",1.29340982368831e-13
"142","yearly","sGARCH","norm","2,3","1,2","-3.91691066985394",2.93098878501041e-14
"143","yearly","sGARCH","norm","2,3","1,3","-3.91366255416686",1.88737914186277e-15
"144","yearly","sGARCH","norm","2,3","1,4","-3.91044842024231",3.33066907387547e-16
"145","yearly","sGARCH","norm","2,3","2,0","-3.91991080633161",9.28479515494018e-13
"146","yearly","sGARCH","norm","2,3","2,1","-3.91686927363674",4.85167461761193e-14
"147","yearly","sGARCH","norm","2,3","2,2","-3.91471924654676",1.14352971536391e-14
"148","yearly","sGARCH","norm","2,3","2,3","-3.91314967691957",3.5527136788005e-15
"149","yearly","sGARCH","norm","2,3","2,4","-3.90780065922753",2.22044604925031e-16
"150","yearly","sGARCH","norm","2,3","3,0","-3.91682119735032",3.23074900165921e-14
"151","yearly","sGARCH","norm","2,3","3,1","-3.91360947885111",3.21964677141295e-15
"152","yearly","sGARCH","norm","2,3","3,2","-3.91092112783587",2.22044604925031e-16
"153","yearly","sGARCH","norm","2,3","4,0","-3.91366504267618",4.10782519111308e-15
"154","yearly","sGARCH","norm","2,3","4,1","-3.91033451439329",6.66133814775094e-16
"155","yearly","sGARCH","norm","3,1","0,0","-3.92310164311075",2.45139020194074e-09
"156","yearly","sGARCH","std","3,1","0,0","-4.11668309570253",2.45139020194074e-09
"157","yearly","sGARCH","norm","3,1","0,1","-3.91991874995812",1.2029377494116e-11
"158","yearly","sGARCH","std","3,1","0,1","-4.1156317654525",1.11022302462516e-16
"159","yearly","sGARCH","norm","3,1","0,2","-3.91707330751428",1.61843871637757e-11
"160","yearly","sGARCH","std","3,1","0,2","-4.1124886407244",1.11022302462516e-16
"161","yearly","sGARCH","norm","3,1","0,3","-3.91382256308999",1.46449519178304e-12
"162","yearly","sGARCH","norm","3,1","0,4","-3.91108899412059",9.30366894635881e-14
"163","yearly","sGARCH","norm","3,1","1,0","-3.9199266569293",9.69102575965053e-12
"164","yearly","sGARCH","std","3,1","1,0","-4.11569168534434",1.11022302462516e-16
"165","yearly","sGARCH","norm","3,1","1,1","-3.91685089648257",2.05735428693288e-12
"166","yearly","sGARCH","std","3,1","1,1","-4.1125448563326",3.33066907387547e-16
"167","yearly","sGARCH","norm","3,1","1,2","-3.91401066537941",8.23452417364479e-13
"168","yearly","sGARCH","norm","3,1","1,3","-3.91040793044478",9.80882042256326e-13
"169","yearly","sGARCH","norm","3,1","1,4","-3.90777989897517",1.34336985979644e-14
"170","yearly","sGARCH","norm","3,1","2,0","-3.91708841058541",2.1163848451522e-11
"171","yearly","sGARCH","std","3,1","2,0","-4.11249843318582",1.11022302462516e-16
"172","yearly","sGARCH","norm","3,1","2,1","-3.91399237514821",1.13475895346937e-12
"173","yearly","sGARCH","norm","3,1","2,2","-3.91553877163378",1.26495480756716e-11
"174","yearly","sGARCH","std","3,1","2,2","-4.10832278636673",3.20965476419133e-13
"175","yearly","sGARCH","norm","3,1","2,3","-3.91094690451639",1.40887301824932e-13
"176","yearly","sGARCH","norm","3,1","2,4","-3.90726051671475",3.07531777821168e-14
"177","yearly","sGARCH","norm","3,1","3,0","-3.91383971852898",2.04269934300783e-12
"178","yearly","sGARCH","norm","3,1","3,1","-3.91067965524458",1.43218770176645e-13
"179","yearly","sGARCH","norm","3,1","3,2","-3.90781802772223",1.25455201782643e-14
"180","yearly","sGARCH","norm","3,1","3,3","-3.90717030223142",4.82947015711943e-14
"181","yearly","sGARCH","norm","3,1","4,0","-3.91096630046607",1.88293824976427e-13
"182","yearly","sGARCH","norm","3,1","4,1","-3.90765275346432",2.69784194983913e-14
"183","yearly","sGARCH","norm","3,1","4,2","-3.90813649450163",3.44946293751036e-13
"184","yearly","sGARCH","norm","3,2","0,0","-3.92510923794089",2.45139020194074e-09
"185","yearly","sGARCH","std","3,2","0,0","-4.11536441613695",2.45139020194074e-09
"186","yearly","sGARCH","norm","3,2","0,1","-3.92203865821812",2.35289565608809e-12
"187","yearly","sGARCH","std","3,2","0,1","-4.11434539409223",1.11022302462516e-16
"188","yearly","sGARCH","norm","3,2","0,2","-3.91926297792187",3.17379456049594e-12
"189","yearly","sGARCH","norm","3,2","0,3","-3.91605939279109",2.1627144519698e-13
"190","yearly","sGARCH","norm","3,2","0,4","-3.91309487306627",2.14273043752655e-14
"191","yearly","sGARCH","norm","3,2","1,0","-3.92205517665636",1.65223390524716e-12
"192","yearly","sGARCH","std","3,2","1,0","-4.11440996236195",1.11022302462516e-16
"193","yearly","sGARCH","norm","3,2","1,1","-3.9190107478094",5.33018074122538e-13
"194","yearly","sGARCH","std","3,2","1,1","-4.11125844712017",2.22044604925031e-16
"195","yearly","sGARCH","norm","3,2","1,2","-3.91618407163658",1.90070181815827e-13
"196","yearly","sGARCH","norm","3,2","1,3","-3.91324402396473",4.07451850037432e-14
"197","yearly","sGARCH","norm","3,2","1,4","-3.90977048208389",3.33066907387547e-15
"198","yearly","sGARCH","norm","3,2","2,0","-3.91926507767509",4.42190728477954e-12
"199","yearly","sGARCH","std","3,2","2,0","-4.1112183317571",1.11022302462516e-16
"200","yearly","sGARCH","norm","3,2","2,1","-3.91615970436413",2.72781797150401e-13
"201","yearly","sGARCH","norm","3,2","2,2","-3.91409628983413",1.28785870856518e-14
"202","yearly","sGARCH","norm","3,2","2,3","-3.91258458766741",2.40918396343659e-14
"203","yearly","sGARCH","norm","3,2","2,4","-3.90813151965986",1.22124532708767e-15
"204","yearly","sGARCH","norm","3,2","3,0","-3.91606298751814",3.13749026759069e-13
"205","yearly","sGARCH","norm","3,2","3,1","-3.91330008410661",5.340172748447e-14
"206","yearly","sGARCH","norm","3,2","3,2","-3.9100574974429",2.22044604925031e-15
"207","yearly","sGARCH","norm","3,2","4,0","-3.91299253985769",3.69704267200177e-14
"208","yearly","sGARCH","norm","3,2","4,1","-3.90966491464849",5.99520433297585e-15
"209","yearly","sGARCH","norm","3,3","0,0","-3.92323639043269",2.45139020194074e-09
"210","yearly","sGARCH","std","3,3","0,0","-4.11519864838359",2.45139020194074e-09
"211","yearly","sGARCH","norm","3,3","0,1","-3.92009188825663",5.27777821446307e-12
"212","yearly","sGARCH","norm","3,3","0,2","-3.91733640530128",5.12134779029338e-12
"213","yearly","sGARCH","norm","3,3","0,3","-3.91423875583875",1.73638881051374e-13
"214","yearly","sGARCH","norm","3,3","0,4","-3.91128190711504",2.20934381900406e-14
"215","yearly","sGARCH","norm","3,3","1,0","-3.92010479656893",3.73123754116023e-12
"216","yearly","sGARCH","norm","3,3","1,1","-3.91701879498381",8.1468165546994e-13
"217","yearly","sGARCH","norm","3,3","1,2","-3.91438471215938",2.2948309919002e-13
"218","yearly","sGARCH","norm","3,3","1,3","-3.91115127310814",1.28785870856518e-14
"219","yearly","sGARCH","norm","3,3","1,4","-3.90798001410468",3.21964677141295e-15
"220","yearly","sGARCH","norm","3,3","2,0","-3.91733466120704",7.81386066961431e-12
"221","yearly","sGARCH","norm","3,3","2,1","-3.91434865475082",3.67150754243539e-13
"222","yearly","sGARCH","norm","3,3","2,2","-3.91041775399328",2.98649993624167e-14
"223","yearly","sGARCH","norm","3,3","2,3","-3.9110320128249",1.0680345496894e-13
"224","yearly","sGARCH","norm","3,3","2,4","-3.90772982997104",7.99360577730113e-15
"225","yearly","sGARCH","norm","3,3","3,0","-3.91424309482502",2.74669176292264e-13
"226","yearly","sGARCH","norm","3,3","3,1","-3.91163765524321",5.99520433297585e-14
"227","yearly","sGARCH","norm","3,3","3,2","-3.91106934120578",3.99680288865056e-14
"228","yearly","sGARCH","norm","3,3","3,3","-3.90774268845278",8.88178419700125e-16
"229","yearly","sGARCH","norm","3,3","3,4","-3.90469077795374",3.33066907387547e-16
"230","yearly","sGARCH","norm","3,3","4,0","-3.91116322394734",4.17443857259059e-14
"231","yearly","sGARCH","norm","3,3","4,1","-3.90791197728581",3.8968828164343e-14
"232","yearly","sGARCH","norm","3,3","4,2","-3.9078771418524",2.77555756156289e-15
"233","yearly","sGARCH","norm","1,1","0,0","-3.92734914481968",2.45139020194074e-09
"234","yearly","sGARCH","std","1,1","0,0","-4.12314471507614",2.45139020194074e-09
"235","yearly","sGARCH","norm","1,1","0,1","-3.9241412722223",1.81421544453997e-11
"236","yearly","sGARCH","std","1,1","0,1","-4.12207474984078",1.11022302462516e-16
"237","yearly","sGARCH","norm","1,1","0,2","-3.921212110634",2.4592106129262e-11
"238","yearly","sGARCH","std","1,1","0,2","-4.11893181774198",1.11022302462516e-16
"239","yearly","sGARCH","norm","1,1","0,3","-3.91786233347221",2.19391171896177e-12
"240","yearly","sGARCH","norm","1,1","0,4","-3.91513448813091",1.39666056497845e-13
"241","yearly","sGARCH","norm","1,1","1,0","-3.92414817814623",1.48159262636227e-11
"242","yearly","sGARCH","std","1,1","1,0","-4.12213315320266",1.11022302462516e-16
"243","yearly","sGARCH","norm","1,1","1,1","-3.92107254694497",2.47279974274761e-12
"244","yearly","sGARCH","std","1,1","1,1","-4.11898038250862",3.33066907387547e-16
"245","yearly","sGARCH","norm","1,1","1,2","-3.91818183156531",1.04105613019101e-12
"246","yearly","sGARCH","norm","1,1","1,3","-3.91477467954507",1.0991207943789e-13
"247","yearly","sGARCH","norm","1,1","1,4","-3.9118416590215",1.84297022087776e-14
"248","yearly","sGARCH","norm","1,1","2,0","-3.92122989854434",3.24488214076268e-11
"249","yearly","sGARCH","std","1,1","2,0","-4.11894129080107",1.11022302462516e-16
"250","yearly","sGARCH","norm","1,1","2,1","-3.91816370149786",1.44373402122255e-12
"251","yearly","sGARCH","norm","1,1","2,2","-3.91478531014203",9.98312543742941e-13
"252","yearly","sGARCH","norm","1,1","2,3","-3.9164055371799",2.23154827949656e-14
"253","yearly","sGARCH","norm","1,1","2,4","-3.91142252853092",4.82947015711943e-14
"254","yearly","sGARCH","norm","1,1","3,0","-3.91788594838576",2.96251911890977e-12
"255","yearly","sGARCH","norm","1,1","3,1","-3.91474337197041",1.91180404840452e-13
"256","yearly","sGARCH","norm","1,1","3,3","-3.91702084095811",1.89848137210902e-14
"257","yearly","sGARCH","norm","1,1","3,4","-3.90961878725868",5.32907051820075e-15
"258","yearly","sGARCH","norm","1,1","4,0","-3.91501682519315",2.80109269112927e-13
"259","yearly","sGARCH","norm","1,1","4,1","-3.91171531112596",3.67483821150927e-14
"260","yearly","sGARCH","norm","1,1","4,2","-3.91490177202695",2.22044604925031e-16
"261","yearly","sGARCH","norm","1,2","0,0","-3.92991888348288",2.45139020194074e-09
"262","yearly","sGARCH","std","1,2","0,0","-4.12188905813842",2.45139020194074e-09
"263","yearly","sGARCH","norm","1,2","0,1","-3.9268173106968",3.55226958959065e-12
"264","yearly","sGARCH","std","1,2","0,1","-4.1208576421979",1.11022302462516e-16
"265","yearly","sGARCH","norm","1,2","0,2","-3.9240763620791",4.85766982194491e-12
"266","yearly","sGARCH","norm","1,2","0,3","-3.92077843225216",3.68260977268164e-13
"267","yearly","sGARCH","norm","1,2","0,4","-3.91783034576552",3.574918139293e-14
"268","yearly","sGARCH","norm","1,2","1,0","-3.92683235967207",2.52609044792962e-12
"269","yearly","sGARCH","std","1,2","1,0","-4.1209207921543",1.11022302462516e-16
"270","yearly","sGARCH","norm","1,2","1,1","-3.92380127372947",6.63136212608606e-13
"271","yearly","sGARCH","std","1,2","1,1","-4.11776385141793",2.22044604925031e-16
"272","yearly","sGARCH","norm","1,2","1,2","-3.92100551140673",2.63344901441087e-13
"273","yearly","sGARCH","norm","1,2","1,3","-3.91762476217009",2.75335310107039e-14
"274","yearly","sGARCH","norm","1,2","1,4","-3.9145135180603",5.32907051820075e-15
"275","yearly","sGARCH","norm","1,2","2,0","-3.92408153616976",6.69386768237246e-12
"276","yearly","sGARCH","std","1,2","2,0","-4.11772460021133",1.11022302462516e-16
"277","yearly","sGARCH","norm","1,2","2,1","-3.92098348216508",3.80917519748891e-13
"278","yearly","sGARCH","norm","1,2","2,2","-3.91897606213418",1.0991207943789e-14
"279","yearly","sGARCH","norm","1,2","2,3","-3.91716267998281",3.85247389544929e-14
"280","yearly","sGARCH","norm","1,2","2,4","-3.91226671901095",2.22044604925031e-16
"281","yearly","sGARCH","norm","1,2","3,0","-3.92078808814808",5.1414428270391e-13
"282","yearly","sGARCH","norm","1,2","3,1","-3.91759256234129",4.49640324973188e-14
"283","yearly","sGARCH","norm","1,2","3,2","-3.91480143621234",3.21964677141295e-15
"284","yearly","sGARCH","norm","1,2","4,0","-3.91773320338215",6.15063555642337e-14
"285","yearly","sGARCH","norm","1,2","4,1","-3.91441085428831",9.43689570931383e-15
"286","yearly","sGARCH","norm","1,2","4,3","-3.91124461688176",7.7715611723761e-16
"287","yearly","sGARCH","norm","1,3","0,0","-3.92691012925395",2.45139020194074e-09
"288","yearly","sGARCH","std","1,3","0,0","-4.12182257692418",2.45139020194074e-09
"289","yearly","sGARCH","norm","1,3","0,1","-3.92390790026561",9.68225499775599e-13
"290","yearly","sGARCH","norm","1,3","0,2","-3.92120664425027",1.13542508728415e-12
"291","yearly","sGARCH","norm","1,3","0,3","-3.91806837682501",4.79616346638068e-14
"292","yearly","sGARCH","norm","1,3","0,4","-3.91505365377696",5.6621374255883e-15
"293","yearly","sGARCH","norm","1,3","1,0","-3.92393060644943",5.76094727477994e-13
"294","yearly","sGARCH","norm","1,3","1,1","-3.92090148080236",2.17492690524068e-13
"295","yearly","sGARCH","norm","1,3","1,2","-3.91817498937366",5.57331958361829e-14
"296","yearly","sGARCH","norm","1,3","1,3","-3.91490508056483",4.21884749357559e-15
"297","yearly","sGARCH","norm","1,3","1,4","-3.91195840907025",1.11022302462516e-15
"298","yearly","sGARCH","norm","1,3","2,0","-3.92119925133527",1.74671388464276e-12
"299","yearly","sGARCH","norm","1,3","2,1","-3.91814104101993",8.82627304576999e-14
"300","yearly","sGARCH","norm","1,3","2,2","-3.91604875707475",1.0325074129014e-14
"301","yearly","sGARCH","std","1,3","2,2","-4.11088422733721",1.75415237890775e-14
"302","yearly","sGARCH","norm","1,3","2,3","-3.91426991425776",8.32667268468867e-15
"303","yearly","sGARCH","norm","1,3","2,4","-3.91428216642418",1.11022302462516e-15
"304","yearly","sGARCH","norm","1,3","3,0","-3.91806508619787",7.39408534400354e-14
"305","yearly","sGARCH","norm","1,3","3,1","-3.91486026103494",7.105427357601e-15
"306","yearly","sGARCH","norm","1,3","3,3","-3.9133741722327",1.95399252334028e-14
"307","yearly","sGARCH","norm","1,3","4,0","-3.91494987786822",9.76996261670138e-15
"308","yearly","sGARCH","norm","1,3","4,1","-3.91162190438016",1.55431223447522e-15
"309","yearly","sGARCH","norm","1,3","4,2","-3.91059732383195",4.10782519111308e-15
"310","yearly","sGARCH","norm","2,1","0,0","-3.92388254671134",2.45139020194074e-09
"311","yearly","sGARCH","std","2,1","0,0","-4.11981855628704",2.45139020194074e-09
"312","yearly","sGARCH","norm","2,1","0,1","-3.92067425680936",1.83451032143012e-11
"313","yearly","sGARCH","std","2,1","0,1","-4.11874767887407",1.11022302462516e-16
"314","yearly","sGARCH","norm","2,1","0,2","-3.91787920765374",2.45278242161362e-11
"315","yearly","sGARCH","std","2,1","0,2","-4.11559871995129",1.11022302462516e-16
"316","yearly","sGARCH","norm","2,1","0,3","-3.91452950479318",2.19668727652333e-12
"317","yearly","sGARCH","norm","2,1","0,4","-3.91180164172893",1.39666056497845e-13
"318","yearly","sGARCH","norm","2,1","1,0","-3.92068116425432",1.49359413725847e-11
"319","yearly","sGARCH","std","2,1","1,0","-4.11880599775386",1.11022302462516e-16
"320","yearly","sGARCH","norm","2,1","1,1","-3.91760649882068",2.47968312550029e-12
"321","yearly","sGARCH","std","2,1","1,1","-4.11565397078468",3.33066907387547e-16
"322","yearly","sGARCH","norm","2,1","1,2","-3.9148489240317",1.0378364834196e-12
"323","yearly","sGARCH","norm","2,1","1,3","-3.91171408474128",4.07895939247283e-13
"324","yearly","sGARCH","norm","2,1","1,4","-3.90850873182305",1.84297022087776e-14
"325","yearly","sGARCH","norm","2,1","2,0","-3.91789700497666",3.19981818819315e-11
"326","yearly","sGARCH","std","2,1","2,0","-4.11560823720539",1.11022302462516e-16
"327","yearly","sGARCH","norm","2,1","2,1","-3.91483079076717",1.44273482050039e-12
"328","yearly","sGARCH","norm","2,1","2,2","-3.91302399362879",3.33066907387547e-15
"329","yearly","sGARCH","std","2,1","2,2","-4.11146132711302",3.23185922468383e-13
"330","yearly","sGARCH","norm","2,1","2,3","-3.91237984784613",6.01740879346835e-14
"331","yearly","sGARCH","norm","2,1","2,4","-3.90808868753749",4.57411886145564e-14
"332","yearly","sGARCH","norm","2,1","3,0","-3.91455312528464",2.96629387719349e-12
"333","yearly","sGARCH","norm","2,1","3,1","-3.91141056484398",1.92290627865077e-13
"334","yearly","sGARCH","norm","2,1","3,3","-3.90660026127809",1.11022302462516e-16
"335","yearly","sGARCH","norm","2,1","4,0","-3.91168394623627",2.79998246810464e-13
"336","yearly","sGARCH","norm","2,1","4,1","-3.90838246148697",3.68594044175552e-14
"337","yearly","sGARCH","norm","2,1","4,2","-3.91156875287842",2.22044604925031e-16
"338","yearly","sGARCH","norm","2,1","4,3","-3.90593296639154",7.43849426498855e-15
"339","yearly","sGARCH","norm","2,2","0,0","-3.92658597149392",2.45139020194074e-09
"340","yearly","sGARCH","std","2,2","0,0","-4.11855578824595",2.45139020194074e-09
"341","yearly","sGARCH","norm","2,2","0,1","-3.92348445590263",3.55382390182513e-12
"342","yearly","sGARCH","std","2,2","0,1","-4.1175245328182",1.11022302462516e-16
"343","yearly","sGARCH","norm","2,2","0,2","-3.92074360951068",4.8491211046553e-12
"344","yearly","sGARCH","norm","2,2","0,3","-3.91744566956518",3.68038932663239e-13
"345","yearly","sGARCH","norm","2,2","0,4","-3.91449751684622",3.58602036953926e-14
"346","yearly","sGARCH","norm","2,2","1,0","-3.92349949025871",2.52742271555917e-12
"347","yearly","sGARCH","std","2,2","1,0","-4.11758759177655",1.11022302462516e-16
"348","yearly","sGARCH","norm","2,2","1,1","-3.9204684137613",6.63469279515994e-13
"349","yearly","sGARCH","std","2,2","1,1","-4.11443070184988",2.22044604925031e-16
"350","yearly","sGARCH","norm","2,2","1,2","-3.91767269559067",2.65343302885412e-13
"351","yearly","sGARCH","norm","2,2","1,3","-3.91429196907559",2.75335310107039e-14
"352","yearly","sGARCH","norm","2,2","1,4","-3.91118064077159",5.32907051820075e-15
"353","yearly","sGARCH","norm","2,2","2,0","-3.92074876224648",6.69919675289066e-12
"354","yearly","sGARCH","std","2,2","2,0","-4.11439141348889",1.11022302462516e-16
"355","yearly","sGARCH","norm","2,2","2,1","-3.91765064390911",3.75477426928228e-13
"356","yearly","sGARCH","norm","2,2","2,2","-3.91564370473002",1.0991207943789e-14
"357","yearly","sGARCH","norm","2,2","2,3","-3.91382994449456",3.85247389544929e-14
"358","yearly","sGARCH","norm","2,2","2,4","-3.91062646550131",3.73034936274053e-14
"359","yearly","sGARCH","norm","2,2","3,0","-3.91745531922589",5.14255305006373e-13
"360","yearly","sGARCH","norm","2,2","3,1","-3.91425973229089",4.49640324973188e-14
"361","yearly","sGARCH","norm","2,2","3,2","-3.91090028191503",1.63202784619898e-14
"362","yearly","sGARCH","norm","2,2","3,3","-3.91543142285903",3.88578058618805e-15
"363","yearly","sGARCH","norm","2,2","3,4","-3.90748487931438",1.11022302462516e-16
"364","yearly","sGARCH","norm","2,2","4,0","-3.91440039832969",6.11732886568461e-14
"365","yearly","sGARCH","norm","2,2","4,1","-3.91107798379299",9.43689570931383e-15
"366","yearly","sGARCH","norm","2,2","4,2","-3.91081053380473",8.88178419700125e-16
"367","yearly","sGARCH","norm","2,3","0,0","-3.92358666602337",2.45139020194074e-09
"368","yearly","sGARCH","std","2,3","0,0","-4.11849373329299",2.45139020194074e-09
"369","yearly","sGARCH","norm","2,3","0,1","-3.92067211694303",7.3041572790089e-13
"370","yearly","sGARCH","norm","2,3","0,2","-3.9179905295015",8.27116153345742e-13
"371","yearly","sGARCH","norm","2,3","0,3","-3.91480292350269",3.8746783559418e-14
"372","yearly","sGARCH","norm","2,3","0,4","-3.91185564749653",3.33066907387547e-15
"373","yearly","sGARCH","norm","2,3","1,0","-3.92069751428212",4.44200232152525e-13
"374","yearly","sGARCH","norm","2,3","1,1","-3.91766411659781",1.61870516990348e-13
"375","yearly","sGARCH","norm","2,3","1,2","-3.91498885800211",3.69704267200177e-14
"376","yearly","sGARCH","norm","2,3","1,3","-3.91173376989473",2.44249065417534e-15
"377","yearly","sGARCH","norm","2,3","1,4","-3.90853243664922",5.55111512312578e-16
"378","yearly","sGARCH","norm","2,3","2,0","-3.91797882727342",1.31761268562514e-12
"379","yearly","sGARCH","norm","2,3","2,1","-3.91494965191637",6.09512440519211e-14
"380","yearly","sGARCH","norm","2,3","2,2","-3.91286703622253",9.43689570931383e-15
"381","yearly","sGARCH","norm","2,3","2,3","-3.91106340255475",5.21804821573824e-15
"382","yearly","sGARCH","norm","2,3","2,4","-3.90513705147152",1.11022302462516e-16
"383","yearly","sGARCH","norm","2,3","3,0","-3.91488328329914",4.56301663120939e-14
"384","yearly","sGARCH","norm","2,3","3,1","-3.91168334809323",4.32986979603811e-15
"385","yearly","sGARCH","norm","2,3","3,2","-3.90901660552756",3.33066907387547e-16
"386","yearly","sGARCH","norm","2,3","3,3","-3.91004108043812",1.96509475358653e-14
"387","yearly","sGARCH","norm","2,3","4,0","-3.91174629171834",5.77315972805081e-15
"388","yearly","sGARCH","norm","2,3","4,1","-3.90841806689871",8.88178419700125e-16
"389","yearly","sGARCH","norm","3,1","0,0","-3.92044718149956",2.45139020194074e-09
"390","yearly","sGARCH","std","3,1","0,0","-4.11651175014043",2.45139020194074e-09
"391","yearly","sGARCH","norm","3,1","0,1","-3.91723855002213",1.84336990116662e-11
"392","yearly","sGARCH","std","3,1","0,1","-4.11543976821496",1.11022302462516e-16
"393","yearly","sGARCH","norm","3,1","0,2","-3.91444353684089",2.48194798047052e-11
"394","yearly","sGARCH","std","3,1","0,2","-4.11229111554135",1.11022302462516e-16
"395","yearly","sGARCH","norm","3,1","0,3","-3.91119663243565",2.18736140311648e-12
"396","yearly","sGARCH","norm","3,1","0,4","-3.90846862935176",1.39666056497845e-13
"397","yearly","sGARCH","norm","3,1","1,0","-3.91724530762188",1.50632839535092e-11
"398","yearly","sGARCH","std","3,1","1,0","-4.11549851331095",1.11022302462516e-16
"399","yearly","sGARCH","norm","3,1","1,1","-3.91417145120962",2.48479015141356e-12
"400","yearly","sGARCH","std","3,1","1,1","-4.11234665439124",4.44089209850063e-16
"401","yearly","sGARCH","norm","3,1","1,2","-3.91140972622232",1.06115116693672e-12
"402","yearly","sGARCH","norm","3,1","1,3","-3.90777821025157",1.44129153056838e-12
"403","yearly","sGARCH","norm","3,1","1,4","-3.90517578167777",1.84297022087776e-14
"404","yearly","sGARCH","norm","3,1","2,0","-3.91446144211634",3.26705329456445e-11
"405","yearly","sGARCH","std","3,1","2,0","-4.11230083684924",1.11022302462516e-16
"406","yearly","sGARCH","norm","3,1","2,1","-3.91139182362402",1.46394008027073e-12
"407","yearly","sGARCH","norm","3,1","2,2","-3.91290794965746",1.19161347456043e-11
"408","yearly","sGARCH","std","3,1","2,2","-4.10815517123775",3.23630011678233e-13
"409","yearly","sGARCH","norm","3,1","2,3","-3.90904713390212",5.99520433297585e-14
"410","yearly","sGARCH","norm","3,1","2,4","-3.90475758137357",4.79616346638068e-14
"411","yearly","sGARCH","norm","3,1","3,0","-3.91122027972277",2.96329627502701e-12
"412","yearly","sGARCH","norm","3,1","3,1","-3.9080775836978",1.90292226420752e-13
"413","yearly","sGARCH","norm","3,1","3,3","-3.90615848246636",2.82551759767102e-13
"414","yearly","sGARCH","norm","3,1","3,4","-3.90295334498287",5.32907051820075e-15
"415","yearly","sGARCH","norm","3,1","4,0","-3.9083510978054",2.79887224508002e-13
"416","yearly","sGARCH","norm","3,1","4,1","-3.9050496992834",3.67483821150927e-14
"417","yearly","sGARCH","norm","3,1","4,2","-3.90823566560782",2.22044604925031e-16
"418","yearly","sGARCH","norm","3,2","0,0","-3.92317337947055",2.45139020194074e-09
"419","yearly","sGARCH","std","3,2","0,0","-4.11525911514916",2.45139020194074e-09
"420","yearly","sGARCH","norm","3,2","0,1","-3.92007042096272",3.62343488546912e-12
"421","yearly","sGARCH","std","3,2","0,1","-4.11422733973728",1.11022302462516e-16
"422","yearly","sGARCH","norm","3,2","0,2","-3.91733060902546",4.96080954093259e-12
"423","yearly","sGARCH","norm","3,2","0,3","-3.91411288299164",3.68038932663239e-13
"424","yearly","sGARCH","norm","3,2","0,4","-3.91116465386709",3.58602036953926e-14
"425","yearly","sGARCH","norm","3,2","1,0","-3.92008532524869",2.58293386679043e-12
"426","yearly","sGARCH","std","3,2","1,0","-4.11429056891416",1.11022302462516e-16
"427","yearly","sGARCH","norm","3,2","1,1","-3.91705616585188",6.72462086015457e-13
"428","yearly","sGARCH","std","3,2","1,1","-4.11113462433879",2.22044604925031e-16
"429","yearly","sGARCH","norm","3,2","1,2","-3.91425623185389",2.76667577736589e-13
"430","yearly","sGARCH","norm","3,2","1,3","-3.91095912392289",2.76445533131664e-14
"431","yearly","sGARCH","norm","3,2","1,4","-3.90784785112477",5.32907051820075e-15
"432","yearly","sGARCH","norm","3,2","2,0","-3.91733600731123",6.83630929643186e-12
"433","yearly","sGARCH","std","3,2","2,0","-4.11109491494521",1.11022302462516e-16
"434","yearly","sGARCH","norm","3,2","2,1","-3.91423480502971",3.80917519748891e-13
"435","yearly","sGARCH","norm","3,2","2,2","-3.91160057905119",3.77475828372553e-15
"436","yearly","sGARCH","norm","3,2","2,3","-3.91049723850202",3.8746783559418e-14
"437","yearly","sGARCH","norm","3,2","2,4","-3.90475801709823",3.33066907387547e-16
"438","yearly","sGARCH","norm","3,2","3,0","-3.91412253634411",5.14477349611298e-13
"439","yearly","sGARCH","norm","3,2","3,1","-3.91092693240418",4.57411886145564e-14
"440","yearly","sGARCH","norm","3,2","3,2","-3.910545509885",1.49880108324396e-14
"441","yearly","sGARCH","norm","3,2","3,4","-3.90403080837322",4.44089209850063e-16
"442","yearly","sGARCH","norm","3,2","4,0","-3.91106758457341",6.15063555642337e-14
"443","yearly","sGARCH","norm","3,2","4,1","-3.90774513954686",9.43689570931383e-15
"444","yearly","sGARCH","norm","3,2","4,2","-3.90747796814387",8.88178419700125e-16
"445","yearly","sGARCH","norm","3,3","0,0","-3.92024816160789",2.45139020194074e-09
"446","yearly","sGARCH","std","3,3","0,0","-4.11516081812575",2.45139020194074e-09
"447","yearly","sGARCH","norm","3,3","0,1","-3.91782675477821",4.34230429391391e-12
"448","yearly","sGARCH","norm","3,3","0,2","-3.9145643260306",1.06059605542441e-12
"449","yearly","sGARCH","norm","3,3","0,3","-3.91202621038403",1.77302617032637e-13
"450","yearly","sGARCH","norm","3,3","0,4","-3.90852428201375",3.33066907387547e-15
"451","yearly","sGARCH","norm","3,3","1,0","-3.91784360210257",3.3048008774017e-12
"452","yearly","sGARCH","norm","3,3","1,1","-3.91423616295682",2.1538326677728e-13
"453","yearly","sGARCH","norm","3,3","1,2","-3.91219718622209",1.90847337933064e-13
"454","yearly","sGARCH","norm","3,3","1,3","-3.90894661556764",1.25455201782643e-14
"455","yearly","sGARCH","norm","3,3","1,4","-3.90578745322401",3.10862446895044e-15
"456","yearly","sGARCH","norm","3,3","2,0","-3.9146030640069",1.54554147258068e-12
"457","yearly","sGARCH","norm","3,3","2,1","-3.91216416232062",3.18745030369882e-13
"458","yearly","sGARCH","norm","3,3","2,2","-3.90767869193841",2.33146835171283e-14
"459","yearly","sGARCH","norm","3,3","2,3","-3.90773958918469",5.21804821573824e-15
"460","yearly","sGARCH","norm","3,3","2,4","-3.90564298865498",6.10622663543836e-15
"461","yearly","sGARCH","norm","3,3","3,0","-3.91167572689037",4.9515946898282e-14
"462","yearly","sGARCH","norm","3,3","3,1","-3.90946231486694",5.99520433297585e-14
"463","yearly","sGARCH","norm","3,3","3,3","-3.90529139446104",1.11022302462516e-16
"464","yearly","sGARCH","norm","3,3","3,4","-3.90235351700014",2.22044604925031e-16
"465","yearly","sGARCH","norm","3,3","4,0","-3.90896187973107",4.19664303308309e-14
"466","yearly","sGARCH","norm","3,3","4,1","-3.90508878444022",8.88178419700125e-16
"467","yearly","sGARCH","norm","3,3","4,2","-3.90552074093507",2.55351295663786e-15
"468","yearly","sGARCH","norm","1,1","0,0","-3.92734914332468",2.45139020194074e-09
"469","yearly","sGARCH","std","1,1","0,0","-4.12314471150487",2.45139020194074e-09
"470","yearly","sGARCH","norm","1,1","0,1","-3.92414133719495",1.81074044647289e-11
"471","yearly","sGARCH","std","1,1","0,1","-4.1220747492902",1.11022302462516e-16
"472","yearly","sGARCH","norm","1,1","0,2","-3.92121164156209",2.46191955710628e-11
"473","yearly","sGARCH","std","1,1","0,2","-4.11893181502406",1.11022302462516e-16
"474","yearly","sGARCH","norm","1,1","0,3","-3.91786239647359",2.19391171896177e-12
"475","yearly","sGARCH","norm","1,1","0,4","-3.91513449486964",1.39555034195382e-13
"476","yearly","sGARCH","norm","1,1","1,0","-3.92414821111263",1.48133727506661e-11
"477","yearly","sGARCH","std","1,1","1,0","-4.12213315277582",1.11022302462516e-16
"478","yearly","sGARCH","norm","1,1","1,1","-3.92107255257187",2.47735165714857e-12
"479","yearly","sGARCH","std","1,1","1,1","-4.11898039142506",3.33066907387547e-16
"480","yearly","sGARCH","norm","1,1","1,2","-3.91818182222753",1.04127817479593e-12
"481","yearly","sGARCH","norm","1,1","1,3","-3.91477469493516",1.0991207943789e-13
"482","yearly","sGARCH","norm","1,1","1,4","-3.9118416583011",1.83186799063151e-14
"483","yearly","sGARCH","norm","1,1","2,0","-3.92122990046857",3.23697735282735e-11
"484","yearly","sGARCH","std","1,1","2,0","-4.1189412856114",1.11022302462516e-16
"485","yearly","sGARCH","norm","1,1","2,1","-3.9181636882477",1.44106948596345e-12
"486","yearly","sGARCH","norm","1,1","2,2","-3.92195729529419",2.61790589206612e-13
"487","yearly","sGARCH","norm","1,1","2,3","-3.91428585607222",5.87307980026708e-14
"488","yearly","sGARCH","norm","1,1","2,4","-3.90909418725555",2.1094237467878e-15
"489","yearly","sGARCH","norm","1,1","3,0","-3.91788601190357",2.96207502969992e-12
"490","yearly","sGARCH","norm","1,1","3,1","-3.91474337385317",1.90625293328139e-13
"491","yearly","sGARCH","norm","1,1","3,3","-3.91702668909727",2.39808173319034e-14
"492","yearly","sGARCH","norm","1,1","3,4","-3.90961872868641",5.21804821573824e-15
"493","yearly","sGARCH","norm","1,1","4,0","-3.91501691292489",2.79776202205539e-13
"494","yearly","sGARCH","norm","1,1","4,1","-3.91171538626262",3.68594044175552e-14
"495","yearly","sGARCH","norm","1,1","4,2","-3.91490176987054",2.22044604925031e-16
"496","yearly","sGARCH","norm","1,2","0,0","-3.9299188828122",2.45139020194074e-09
"497","yearly","sGARCH","std","1,2","0,0","-4.12188905584731",2.45139020194074e-09
"498","yearly","sGARCH","norm","1,2","0,1","-3.92681737165705",3.55371287952266e-12
"499","yearly","sGARCH","std","1,2","0,1","-4.12085764597459",1.11022302462516e-16
"500","yearly","sGARCH","norm","1,2","0,2","-3.92407636694594",4.84945417156268e-12
"501","yearly","sGARCH","norm","1,2","0,3","-3.92077843102423",3.68149954965702e-13
"502","yearly","sGARCH","norm","1,2","0,4","-3.91783040881382",3.58602036953926e-14
"503","yearly","sGARCH","norm","1,2","1,0","-3.92683236231431",2.52509124720746e-12
"504","yearly","sGARCH","std","1,2","1,0","-4.12092078557681",1.11022302462516e-16
"505","yearly","sGARCH","norm","1,2","1,1","-3.92380125259039",6.63691324120919e-13
"506","yearly","sGARCH","std","1,2","1,1","-4.11776385094359",2.22044604925031e-16
"507","yearly","sGARCH","norm","1,2","1,2","-3.92100552069811",2.61901611509074e-13
"508","yearly","sGARCH","norm","1,2","1,3","-3.91762477145453",2.75335310107039e-14
"509","yearly","sGARCH","norm","1,2","1,4","-3.9145135351307",5.32907051820075e-15
"510","yearly","sGARCH","norm","1,2","2,0","-3.92408152855151",6.69542199460693e-12
"511","yearly","sGARCH","std","1,2","2,0","-4.11772459849766",1.11022302462516e-16
"512","yearly","sGARCH","norm","1,2","2,1","-3.92098348463511",3.7425618160114e-13
"513","yearly","sGARCH","norm","1,2","2,2","-3.91764124550859",1.0325074129014e-13
"514","yearly","sGARCH","norm","1,2","2,3","-3.91716248002482",3.78586051397178e-14
"515","yearly","sGARCH","norm","1,2","2,4","-3.9134224777868",5.55111512312578e-15
"516","yearly","sGARCH","norm","1,2","3,0","-3.92078808882289",5.14255305006373e-13
"517","yearly","sGARCH","norm","1,2","3,1","-3.91759255844121",4.49640324973188e-14
"518","yearly","sGARCH","norm","1,2","3,2","-3.91480060084318",3.33066907387547e-15
"519","yearly","sGARCH","norm","1,2","3,4","-3.91081732691658",1.11022302462516e-16
"520","yearly","sGARCH","norm","1,2","4,0","-3.91773321740306",6.15063555642337e-14
"521","yearly","sGARCH","norm","1,2","4,1","-3.91441085746613",9.43689570931383e-15
"522","yearly","sGARCH","norm","1,3","0,0","-3.92691013178308",2.45139020194074e-09
"523","yearly","sGARCH","std","1,3","0,0","-4.12182293625664",2.45139020194074e-09
"524","yearly","sGARCH","norm","1,3","0,1","-3.9239078914631",9.68336522078062e-13
"525","yearly","sGARCH","norm","1,3","0,2","-3.92120667605014",1.13575815419154e-12
"526","yearly","sGARCH","norm","1,3","0,3","-3.9180683795149",4.80726569662693e-14
"527","yearly","sGARCH","norm","1,3","0,4","-3.91505365463353",5.6621374255883e-15
"528","yearly","sGARCH","norm","1,3","1,0","-3.92393120577796",6.08735284401973e-13
"529","yearly","sGARCH","norm","1,3","1,1","-3.92090148417662",2.17048601314218e-13
"530","yearly","sGARCH","norm","1,3","1,2","-3.91817499076933",5.57331958361829e-14
"531","yearly","sGARCH","norm","1,3","1,3","-3.91531325472064",9.2148511043888e-15
"532","yearly","sGARCH","norm","1,3","1,4","-3.91172943090984",8.88178419700125e-16
"533","yearly","sGARCH","norm","1,3","2,0","-3.92119924882545",1.74604775082798e-12
"534","yearly","sGARCH","norm","1,3","2,1","-3.91814104295768",8.78186412478499e-14
"535","yearly","sGARCH","norm","1,3","2,2","-3.9160487794929",1.0325074129014e-14
"536","yearly","sGARCH","std","1,3","2,2","-4.11088396293656",1.77635683940025e-14
"537","yearly","sGARCH","norm","1,3","2,3","-3.91426991097076",8.21565038222616e-15
"538","yearly","sGARCH","norm","1,3","2,4","-3.9085272075673",1.11022302462516e-16
"539","yearly","sGARCH","norm","1,3","3,0","-3.9180650947114",7.36077865326479e-14
"540","yearly","sGARCH","norm","1,3","3,1","-3.91486024944598",7.105427357601e-15
"541","yearly","sGARCH","norm","1,3","4,0","-3.91494986937315",9.76996261670138e-15
"542","yearly","sGARCH","norm","1,3","4,1","-3.91162190565114",1.55431223447522e-15
"543","yearly","sGARCH","norm","1,3","4,2","-3.90840824941536",1.11022302462516e-16
"544","yearly","sGARCH","norm","2,1","0,0","-3.92387541803527",2.45139020194074e-09
"545","yearly","sGARCH","std","2,1","0,0","-4.11981639174006",2.45139020194074e-09
"546","yearly","sGARCH","norm","2,1","0,1","-3.9206684368994",1.83281168020244e-11
"547","yearly","sGARCH","std","2,1","0,1","-4.11874635919959",1.11022302462516e-16
"548","yearly","sGARCH","norm","2,1","0,2","-3.91787350607348",2.46711540086153e-11
"549","yearly","sGARCH","std","2,1","0,2","-4.11559728226674",1.11022302462516e-16
"550","yearly","sGARCH","norm","2,1","0,3","-3.91452329528431",2.20090612401691e-12
"551","yearly","sGARCH","norm","2,1","0,4","-3.91179417410184",1.39999123405232e-13
"552","yearly","sGARCH","norm","2,1","1,0","-3.92067554070165",1.49638079705028e-11
"553","yearly","sGARCH","std","2,1","1,0","-4.11880403818666",1.11022302462516e-16
"554","yearly","sGARCH","norm","2,1","1,1","-3.91759787924308",2.48423503990125e-12
"555","yearly","sGARCH","std","2,1","1,1","-4.11565185983536",3.33066907387547e-16
"556","yearly","sGARCH","norm","2,1","1,2","-3.91484798084744",1.04660724531414e-12
"557","yearly","sGARCH","norm","2,1","1,3","-3.91110364481825",1.44162459747577e-12
"558","yearly","sGARCH","norm","2,1","1,4","-3.90850187200871",1.84297022087776e-14
"559","yearly","sGARCH","norm","2,1","2,0","-3.91789015190267",3.25224291941595e-11
"560","yearly","sGARCH","std","2,1","2,0","-4.11560606229137",1.11022302462516e-16
"561","yearly","sGARCH","norm","2,1","2,1","-3.91482680621372",1.45150558239493e-12
"562","yearly","sGARCH","norm","2,1","2,2","-3.9169641553789",2.79065659469779e-11
"563","yearly","sGARCH","std","2,1","2,2","-4.11145900518303",3.23074900165921e-13
"564","yearly","sGARCH","norm","2,1","2,3","-3.91304504795537",2.14273043752655e-14
"565","yearly","sGARCH","norm","2,1","2,4","-3.90806507884493",2.20934381900406e-14
"566","yearly","sGARCH","norm","2,1","3,0","-3.91454599979646",2.97029068008214e-12
"567","yearly","sGARCH","norm","2,1","3,1","-3.91140485413781",1.90070181815827e-13
"568","yearly","sGARCH","norm","2,1","3,3","-3.90902250680871",9.41235978046961e-12
"569","yearly","sGARCH","norm","2,1","4,0","-3.91167736743577",2.80553358322777e-13
"570","yearly","sGARCH","norm","2,1","4,1","-3.90837834485236",3.68594044175552e-14
"571","yearly","sGARCH","norm","2,1","4,2","-3.91155955504612",2.22044604925031e-16
"572","yearly","sGARCH","norm","2,1","4,3","-3.90577163329078",2.02060590481778e-14
"573","yearly","sGARCH","norm","2,2","0,0","-3.92658075526927",2.45139020194074e-09
"574","yearly","sGARCH","std","2,2","0,0","-4.11855414032956",2.45139020194074e-09
"575","yearly","sGARCH","norm","2,2","0,1","-3.9234798476759",3.57380791626838e-12
"576","yearly","sGARCH","std","2,2","0,1","-4.11752279158701",1.11022302462516e-16
"577","yearly","sGARCH","norm","2,2","0,2","-3.92073897860356",4.85422813056857e-12
"578","yearly","sGARCH","norm","2,2","0,3","-3.91744029893643",3.70592445619877e-13
"579","yearly","sGARCH","norm","2,2","0,4","-3.91449193050358",3.60822483003176e-14
"580","yearly","sGARCH","norm","2,2","1,0","-3.92349314441766",2.56017429478561e-12
"581","yearly","sGARCH","std","2,2","1,0","-4.11758592345471",1.11022302462516e-16
"582","yearly","sGARCH","norm","2,2","1,1","-3.9204669913189",6.64468480238156e-13
"583","yearly","sGARCH","std","2,2","1,1","-4.11442890969913",2.22044604925031e-16
"584","yearly","sGARCH","norm","2,2","1,2","-3.91766714274265",2.66231481305113e-13
"585","yearly","sGARCH","norm","2,2","1,3","-3.91428467401022",2.77555756156289e-14
"586","yearly","sGARCH","norm","2,2","1,4","-3.91117794833885",5.32907051820075e-15
"587","yearly","sGARCH","norm","2,2","2,0","-3.92074360777374",6.73405775586389e-12
"588","yearly","sGARCH","std","2,2","2,0","-4.11439029239203",1.11022302462516e-16
"589","yearly","sGARCH","norm","2,2","2,1","-3.91764679779369",3.74811293113453e-13
"590","yearly","sGARCH","norm","2,2","2,2","-3.91532638796055",7.21644966006352e-15
"591","yearly","sGARCH","norm","2,2","2,3","-3.91382577160147",3.8968828164343e-14
"592","yearly","sGARCH","norm","2,2","2,4","-3.91065448391772",8.65973959207622e-15
"593","yearly","sGARCH","norm","2,2","3,0","-3.91744980275416",5.18141085592561e-13
"594","yearly","sGARCH","norm","2,2","3,1","-3.91425251187651",4.51860771022439e-14
"595","yearly","sGARCH","norm","2,2","3,2","-3.91089418687314",1.62092561595273e-14
"596","yearly","sGARCH","norm","2,2","3,3","-3.91330537933267",1.4432899320127e-15
"597","yearly","sGARCH","norm","2,2","3,4","-3.90747972660502",1.11022302462516e-16
"598","yearly","sGARCH","norm","2,2","4,0","-3.91439395503824",6.20614670765463e-14
"599","yearly","sGARCH","norm","2,2","4,1","-3.91107423885045",9.43689570931383e-15
"600","yearly","sGARCH","norm","2,2","4,2","-3.91080054713931",9.99200722162641e-16
"601","yearly","sGARCH","norm","2,3","0,0","-3.92357940430478",2.45139020194074e-09
"602","yearly","sGARCH","std","2,3","0,0","-4.11849258955667",2.45139020194074e-09
"603","yearly","sGARCH","norm","2,3","0,1","-3.92057806097814",9.54902823480097e-13
"604","yearly","sGARCH","norm","2,3","0,2","-3.9178944715627",1.06314956838105e-12
"605","yearly","sGARCH","norm","2,3","0,3","-3.91473683965741",4.78506123613442e-14
"606","yearly","sGARCH","norm","2,3","0,4","-3.91174178195314",5.10702591327572e-15
"607","yearly","sGARCH","norm","2,3","1,0","-3.92060730424867",5.8564264548977e-13
"608","yearly","sGARCH","norm","2,3","1,1","-3.91763366053002",1.80300219199125e-13
"609","yearly","sGARCH","norm","2,3","1,2","-3.91484657427071",5.46229728115577e-14
"610","yearly","sGARCH","norm","2,3","1,3","-3.91161445030512",3.66373598126302e-15
"611","yearly","sGARCH","norm","2,3","1,4","-3.90844334900262",6.66133814775094e-16
"612","yearly","sGARCH","norm","2,3","2,0","-3.91789785334889",1.61481938931729e-12
"613","yearly","sGARCH","norm","2,3","2,1","-3.91481285482659",8.62643290133747e-14
"614","yearly","sGARCH","norm","2,3","2,2","-3.91430582595849",4.90718576884319e-14
"615","yearly","sGARCH","norm","2,3","2,3","-3.91095717302895",7.54951656745106e-15
"616","yearly","sGARCH","norm","2,3","3,0","-3.9147383562288",7.14983627858601e-14
"617","yearly","sGARCH","norm","2,3","3,1","-3.91154363479422",6.66133814775094e-15
"618","yearly","sGARCH","norm","2,3","3,2","-3.90888842021171",4.44089209850063e-16
"619","yearly","sGARCH","norm","2,3","3,3","-3.90975220498684",4.61852778244065e-14
"620","yearly","sGARCH","norm","2,3","4,0","-3.91164357113924",8.43769498715119e-15
"621","yearly","sGARCH","norm","2,3","4,1","-3.90830385463633",1.4432899320127e-15
"622","yearly","sGARCH","norm","3,1","0,0","-3.9204321064063",2.45139020194074e-09
"623","yearly","sGARCH","std","3,1","0,0","-4.11650746890839",2.45139020194074e-09
"624","yearly","sGARCH","norm","3,1","0,1","-3.91723266689396",1.84880999398729e-11
"625","yearly","sGARCH","std","3,1","0,1","-4.11543560054917",1.11022302462516e-16
"626","yearly","sGARCH","norm","3,1","0,2","-3.91443195369671",2.49630316417893e-11
"627","yearly","sGARCH","std","3,1","0,2","-4.11228740553691",1.11022302462516e-16
"628","yearly","sGARCH","norm","3,1","0,3","-3.91118505637092",2.20901075209667e-12
"629","yearly","sGARCH","norm","3,1","0,4","-3.90845510776737",1.40665257220007e-13
"630","yearly","sGARCH","norm","3,1","1,0","-3.91723051343803",1.51700874084781e-11
"631","yearly","sGARCH","std","3,1","1,0","-4.11549403458468",1.11022302462516e-16
"632","yearly","sGARCH","norm","3,1","1,1","-3.91415899349554",2.49289477949333e-12
"633","yearly","sGARCH","std","3,1","1,1","-4.1123424277806",4.44089209850063e-16
"634","yearly","sGARCH","norm","3,1","1,2","-3.91139982847684",1.06481490291799e-12
"635","yearly","sGARCH","norm","3,1","1,3","-3.90776577312567",1.44817491332105e-12
"636","yearly","sGARCH","norm","3,1","1,4","-3.90516674983215",1.84297022087776e-14
"637","yearly","sGARCH","norm","3,1","2,0","-3.9144499512629",3.28548299677323e-11
"638","yearly","sGARCH","std","3,1","2,0","-4.11229640108789",1.11022302462516e-16
"639","yearly","sGARCH","norm","3,1","2,1","-3.91137858974648",1.4835910278066e-12
"640","yearly","sGARCH","norm","3,1","2,2","-3.91228166210499",1.00306429828834e-11
"641","yearly","sGARCH","std","3,1","2,2","-4.1081489135295",3.23630011678233e-13
"642","yearly","sGARCH","norm","3,1","2,3","-3.90902982788079",6.06181771445335e-14
"643","yearly","sGARCH","norm","3,1","2,4","-3.90273181331758",2.99760216648792e-15
"644","yearly","sGARCH","norm","3,1","3,0","-3.91121004045515",2.97795121895206e-12
"645","yearly","sGARCH","norm","3,1","3,1","-3.90778742835588",1.7856827128071e-12
"646","yearly","sGARCH","norm","3,1","3,2","-3.9089379695361",1.09090514399668e-12
"647","yearly","sGARCH","norm","3,1","3,3","-3.90613035684121",2.89213097914853e-13
"648","yearly","sGARCH","norm","3,1","3,4","-3.90293731396563",6.88338275267597e-15
"649","yearly","sGARCH","norm","3,1","4,0","-3.90833837356153",2.81885625952327e-13
"650","yearly","sGARCH","norm","3,1","4,1","-3.9050393305293",3.70814490224802e-14
"651","yearly","sGARCH","norm","3,1","4,2","-3.90822193745849",2.22044604925031e-16
"652","yearly","sGARCH","norm","3,2","0,0","-3.92316241698367",2.45139020194074e-09
"653","yearly","sGARCH","std","3,2","0,0","-4.11525606085646",2.45139020194074e-09
"654","yearly","sGARCH","norm","3,2","0,1","-3.92006143782909",3.65196761720199e-12
"655","yearly","sGARCH","std","3,2","0,1","-4.11422431649494",1.11022302462516e-16
"656","yearly","sGARCH","norm","3,2","0,2","-3.91731832932697",5.02886621234211e-12
"657","yearly","sGARCH","std","3,2","0,2","-4.11108218391691",1.11022302462516e-16
"658","yearly","sGARCH","norm","3,2","0,3","-3.91410214249272",3.73034936274053e-13
"659","yearly","sGARCH","norm","3,2","0,4","-3.91115394472234",3.63042929052426e-14
"660","yearly","sGARCH","norm","3,2","1,0","-3.9200729654696",2.61846100357843e-12
"661","yearly","sGARCH","std","3,2","1,0","-4.11428748378371",1.11022302462516e-16
"662","yearly","sGARCH","norm","3,2","1,1","-3.91704353752865",6.77236045021345e-13
"663","yearly","sGARCH","std","3,2","1,1","-4.11113102911905",2.22044604925031e-16
"664","yearly","sGARCH","norm","3,2","1,2","-3.91425163415268",2.72448730243013e-13
"665","yearly","sGARCH","norm","3,2","1,3","-3.91094618368017",2.79776202205539e-14
"666","yearly","sGARCH","norm","3,2","1,4","-3.90783627743276",5.44009282066327e-15
"667","yearly","sGARCH","norm","3,2","2,0","-3.91732709251623",6.90014712034781e-12
"668","yearly","sGARCH","std","3,2","2,0","-4.11109215700414",1.11022302462516e-16
"669","yearly","sGARCH","norm","3,2","2,1","-3.91422380008351",3.86135567964629e-13
"670","yearly","sGARCH","norm","3,2","2,2","-3.91820767931537",6.39586161810257e-11
"671","yearly","sGARCH","norm","3,2","2,3","-3.91048514703704",3.94129173741931e-14
"672","yearly","sGARCH","norm","3,2","2,4","-3.90475291856543",3.33066907387547e-16
"673","yearly","sGARCH","norm","3,2","3,0","-3.91411110124333",5.21360732363974e-13
"674","yearly","sGARCH","norm","3,2","3,1","-3.91091482437128",4.6074255521944e-14
"675","yearly","sGARCH","norm","3,2","3,4","-3.90402012996875",4.44089209850063e-16
"676","yearly","sGARCH","norm","3,2","4,0","-3.91105848476784",6.22835116814713e-14
"677","yearly","sGARCH","norm","3,2","4,1","-3.90773369964867",9.54791801177635e-15
"678","yearly","sGARCH","norm","3,2","4,2","-3.90746711353437",9.99200722162641e-16
"679","yearly","sGARCH","norm","3,3","0,0","-3.92023934030169",2.45139020194074e-09
"680","yearly","sGARCH","std","3,3","0,0","-4.11515737731944",2.45139020194074e-09
"681","yearly","sGARCH","norm","3,3","0,1","-3.91724109014944",9.34030630617144e-13
"682","yearly","sGARCH","norm","3,3","0,2","-3.9145384676793",1.13609122109892e-12
"683","yearly","sGARCH","norm","3,3","0,3","-3.91160108539132",3.1641356201817e-14
"684","yearly","sGARCH","norm","3,3","0,4","-3.90838903539264",5.44009282066327e-15
"685","yearly","sGARCH","norm","3,3","1,0","-3.91782217090464",3.10862446895044e-12
"686","yearly","sGARCH","norm","3,3","1,1","-3.91423175777234",2.15494289079743e-13
"687","yearly","sGARCH","norm","3,3","1,2","-3.9115226355635",5.16253706450698e-14
"688","yearly","sGARCH","norm","3,3","1,3","-3.90841298323528",2.55351295663786e-15
"689","yearly","sGARCH","norm","3,3","1,4","-3.90508820845107",7.7715611723761e-16
"690","yearly","sGARCH","norm","3,3","2,0","-3.91453283502323",1.73205894071771e-12
"691","yearly","sGARCH","norm","3,3","2,1","-3.91168957904428",6.60582699651968e-14
"692","yearly","sGARCH","norm","3,3","2,2","-3.90772203824641",8.54871728961371e-15
"693","yearly","sGARCH","std","3,3","2,2","-4.10657738930102",3.80917519748891e-13
"694","yearly","sGARCH","norm","3,3","2,3","-3.90760306873715",8.21565038222616e-15
"695","yearly","sGARCH","norm","3,3","2,4","-3.90288420046244",1.11022302462516e-16
"696","yearly","sGARCH","norm","3,3","3,0","-3.91198866033141",2.39364084109184e-13
"697","yearly","sGARCH","norm","3,3","3,1","-3.90882785284403",1.06581410364015e-14
"698","yearly","sGARCH","norm","3,3","3,2","-3.90610660844613",5.55111512312578e-16
"699","yearly","sGARCH","norm","3,3","3,3","-3.90526619879221",2.22044604925031e-16
"700","yearly","sGARCH","norm","3,3","4,0","-3.90829831079564",8.65973959207622e-15
"701","yearly","sGARCH","norm","3,3","4,1","-3.90496339740997",1.4432899320127e-15
"702","yearly","sGARCH","norm","3,3","4,2","-3.904776381299",1.11022302462516e-16
